time,screen
12,7.9
13,2.783333333333333
14,6.1
15,4.933333333333334
20,1.4833333333333334
21,2.6166666666666667
22,4.5
23,2.95
0,8.2
9,3.9166666666666665
11,10.35
16,14.483333333333333
17,3.4833333333333334
18,7.15
19,5.3
1,1.0166666666666666
2,0.23333333333333334
3,0.48333333333333334
4,3.5
7,1.35
10,3.033333333333333
8,6.283333333333333
6,2.0166666666666666
